USER_ID,EMAIL,NAME,LASTNAME
Pearla.Major82,Pearla,Major,Pearla.Major82@testmail.com
Sydelle.Lohner39,Sydelle,Lohner,Sydelle.Lohner39@goodmail.com
Mariann.Kelbee53,Mariann,Kelbee,Mariann.Kelbee53@testmail.com
Cora.Rillis87,Cora,Rillis,Cora.Rillis87@testmail.com
Dottie.Entwistle69,Dottie,Entwistle,Dottie.Entwistle69@testmail.com
Selestina.Layton97,Selestina,Layton,Selestina.Layton97@funmail.com
Catharine.Galan47,Catharine,Galan,Catharine.Galan47@testmail.com
Florri.Sansbury23,Florri,Sansbury,Florri.Sansbury23@testmail.com
Jammie.Krawczyk52,Jammie,Krawczyk,Jammie.Krawczyk52@goodmail.com
Kaile.Anthiathia30,Kaile,Anthiathia,Kaile.Anthiathia30@goodmail.com
Annemarie.Pascia4,Annemarie,Pascia,Annemarie.Pascia4@funmail.com
Beverie.Seys75,Beverie,Seys,Beverie.Seys75@funmail.com
Doria.Dorene34,Doria,Dorene,Doria.Dorene34@testmail.com
Abigail.Mountfort18,Abigail,Mountfort,Abigail.Mountfort18@goodmail.com
Gae.Nickles5,Gae,Nickles,Gae.Nickles5@goodmail.com
Rycca.Blackmun67,Rycca,Blackmun,Rycca.Blackmun67@testmail.com
Marleen.Sande90,Marleen,Sande,Marleen.Sande90@funmail.com
Dosi.Fasano7,Dosi,Fasano,Dosi.Fasano7@testmail.com
Ainslee.Mahmoud29,Ainslee,Mahmoud,Ainslee.Mahmoud29@testmail.com
Annamarie.Ditmore55,Annamarie,Ditmore,Annamarie.Ditmore55@funmail.com
Phedra.Valora92,Phedra,Valora,Phedra.Valora92@funmail.com
Gwenore.Myke59,Gwenore,Myke,Gwenore.Myke59@testmail.com
Denise.Baudelaire15,Denise,Baudelaire,Denise.Baudelaire15@funmail.com
Faina.Davie55,Faina,Davie,Faina.Davie55@testmail.com
Wynnie.Ichabod20,Wynnie,Ichabod,Wynnie.Ichabod20@funmail.com
Yalonda.Serena21,Yalonda,Serena,Yalonda.Serena21@goodmail.com
Ulrike.Fauch24,Ulrike,Fauch,Ulrike.Fauch24@funmail.com
Yolanda.Alexio52,Yolanda,Alexio,Yolanda.Alexio52@funmail.com
Pauly.Yonita26,Pauly,Yonita,Pauly.Yonita26@funmail.com
Lethia.Trev84,Lethia,Trev,Lethia.Trev84@goodmail.com
Marline.Kira17,Marline,Kira,Marline.Kira17@funmail.com
Merci.Kutzenco23,Merci,Kutzenco,Merci.Kutzenco23@goodmail.com
Jordain.Fabrianne78,Jordain,Fabrianne,Jordain.Fabrianne78@funmail.com
Kristyn.Margie19,Kristyn,Margie,Kristyn.Margie19@funmail.com
Neilla.Chico4,Neilla,Chico,Neilla.Chico4@funmail.com
Torey.Maloy34,Torey,Maloy,Torey.Maloy34@funmail.com
Madella.Madson90,Madella,Madson,Madella.Madson90@goodmail.com
Juditha.Darell6,Juditha,Darell,Juditha.Darell6@testmail.com
Waly.Branscum2,Waly,Branscum,Waly.Branscum2@testmail.com
Zaneta.Nanny80,Zaneta,Nanny,Zaneta.Nanny80@funmail.com
Tracy.Anzovin65,Tracy,Anzovin,Tracy.Anzovin65@goodmail.com
Suzann.Steffane17,Suzann,Steffane,Suzann.Steffane17@funmail.com
Miguela.Valerlan10,Miguela,Valerlan,Miguela.Valerlan10@funmail.com
Anitra.Blinnie31,Anitra,Blinnie,Anitra.Blinnie31@goodmail.com
Madonna.Eudoxia88,Madonna,Eudoxia,Madonna.Eudoxia88@goodmail.com
Eleen.Gonta56,Eleen,Gonta,Eleen.Gonta56@funmail.com
Orelia.Isman92,Orelia,Isman,Orelia.Isman92@testmail.com
Tandy.Ing85,Tandy,Ing,Tandy.Ing85@testmail.com
Lorna.Haggi16,Lorna,Haggi,Lorna.Haggi16@funmail.com
Nelly.Warga51,Nelly,Warga,Nelly.Warga51@goodmail.com
Kamila.Rosana49,Kamila,Rosana,Kamila.Rosana49@goodmail.com
Honor.Jeanna22,Honor,Jeanna,Honor.Jeanna22@goodmail.com
Henrie.Bain95,Henrie,Bain,Henrie.Bain95@goodmail.com
Lois.Ibbetson19,Lois,Ibbetson,Lois.Ibbetson19@funmail.com
Ainsley.Beverly20,Ainsley,Beverly,Ainsley.Beverly20@funmail.com
Xaviera.Seka93,Xaviera,Seka,Xaviera.Seka93@testmail.com
Maure.Crescantia31,Maure,Crescantia,Maure.Crescantia31@testmail.com
Moll.Elma53,Moll,Elma,Moll.Elma53@testmail.com
Mona.Aldred89,Mona,Aldred,Mona.Aldred89@goodmail.com
Amanda.Andrien92,Amanda,Andrien,Amanda.Andrien92@goodmail.com
Tami.Roana28,Tami,Roana,Tami.Roana28@funmail.com
Delinda.Corbet26,Delinda,Corbet,Delinda.Corbet26@funmail.com
Fiona.Garland93,Fiona,Garland,Fiona.Garland93@goodmail.com
Tammie.Karie99,Tammie,Karie,Tammie.Karie99@testmail.com
Kevyn.Diarmit47,Kevyn,Diarmit,Kevyn.Diarmit47@goodmail.com
Abigale.Elvie14,Abigale,Elvie,Abigale.Elvie14@goodmail.com
Clemmie.Ninon28,Clemmie,Ninon,Clemmie.Ninon28@testmail.com
Loreen.Binnie47,Loreen,Binnie,Loreen.Binnie47@testmail.com
Daphna.Granny7,Daphna,Granny,Daphna.Granny7@goodmail.com
Goldina.Hutchins86,Goldina,Hutchins,Goldina.Hutchins86@testmail.com
Luci.Don18,Luci,Don,Luci.Don18@funmail.com
Victoria.Siloa2,Victoria,Siloa,Victoria.Siloa2@funmail.com
Andi.Tristis88,Andi,Tristis,Andi.Tristis88@goodmail.com
Violante.Saffren70,Violante,Saffren,Violante.Saffren70@funmail.com
Gert.Morganica29,Gert,Morganica,Gert.Morganica29@funmail.com
Myra.Jehias49,Myra,Jehias,Myra.Jehias49@funmail.com
Karla.Stoops83,Karla,Stoops,Karla.Stoops83@testmail.com
Cecily.Dalenna3,Cecily,Dalenna,Cecily.Dalenna3@goodmail.com
Katinka.Osborne92,Katinka,Osborne,Katinka.Osborne92@funmail.com
Ardith.Lundeen8,Ardith,Lundeen,Ardith.Lundeen8@goodmail.com
Jada.Cacia72,Jada,Cacia,Jada.Cacia72@testmail.com
Calida.Royal65,Calida,Royal,Calida.Royal65@goodmail.com
Honey.Alten11,Honey,Alten,Honey.Alten11@testmail.com
Lynna.Tullus72,Lynna,Tullus,Lynna.Tullus72@testmail.com
Billy.Ezaria77,Billy,Ezaria,Billy.Ezaria77@testmail.com
Kaye.Madalyn12,Kaye,Madalyn,Kaye.Madalyn12@goodmail.com
Hanny.Ruffin41,Hanny,Ruffin,Hanny.Ruffin41@testmail.com
Fiann.Keithley50,Fiann,Keithley,Fiann.Keithley50@funmail.com
Maritsa.Crane99,Maritsa,Crane,Maritsa.Crane99@testmail.com
Bibi.Magdalene81,Bibi,Magdalene,Bibi.Magdalene81@testmail.com
Lynnea.Cordova58,Lynnea,Cordova,Lynnea.Cordova58@testmail.com
Else.Massey42,Else,Massey,Else.Massey42@funmail.com
Adrianna.Coltun59,Adrianna,Coltun,Adrianna.Coltun59@testmail.com
Dolly.Aribold26,Dolly,Aribold,Dolly.Aribold26@funmail.com
Alie.Housum71,Alie,Housum,Alie.Housum71@testmail.com
June.Hinkel72,June,Hinkel,June.Hinkel72@goodmail.com
Hyacinthe.Leda43,Hyacinthe,Leda,Hyacinthe.Leda43@funmail.com
Trixy.Shulman95,Trixy,Shulman,Trixy.Shulman95@funmail.com
Coralie.Lynsey74,Coralie,Lynsey,Coralie.Lynsey74@goodmail.com
Atlante.Grimaud35,Atlante,Grimaud,Atlante.Grimaud35@goodmail.com
